Horários de Missa — Arquidiocese de Natal,,,,,,,,,,,
Fonte: documento oficial da Arquidiocese de Natal | Matrizes + Capelas + Confissão | Gerado automaticamente,,,,,,,,,,,
,,,,,,,,,,,
Paróquia,Bairro,Município,Vicariato,Zonal,Horários,Obs,Endereço,Telefone,Email,Tag,Confissão
Paróquia da Catedral de Nossa Senhora da Apresentação,Tirol,Natal,Vicariato Urbano 1,1º Zonal,Seg: 11:00 | Seg: 16:30 | Ter: 11:00 | Ter: 16:30 | Qua: 11:00 | Qua: 16:30 | Qui: 11:00 | Qui: 16:30 | Sáb: 11:00 | Sáb: 16:30 | Dom: 07:00 | Dom: 11:00 | Dom: 19:00,,"Av. Floriano Peixoto, 674, Tirol - 59020-500, Natal/RN",(84) 3201-4559,,Matriz,Terça a sexta - 14h30 às 16h
Paróquia da Sagrada Família,Rocas,Natal,Vicariato Urbano 1,1º Zonal,"Qua, Qui, Sex: 18:00 | Dom: 19:00",,"Praça Sagrada Família, s/n, Rocas - 59010-670, Natal/RN",(84) 3615-2812,,Matriz,Quarta a Sexta - 17h às 18h
Santuário Santos Reis - Santos Reis,,Natal,Vicariato Urbano 1,1º Zonal,Dom: 09:00,,,,,Pertence a matriz de Paróquia da Sagrada Família,
Nossa Senhora de Fátima - P. do meio,,Natal,Vicariato Urbano 1,1º Zonal,Dom: 07:00,,,,,Pertence a matriz de Paróquia da Sagrada Família,
São José,,Natal,Vicariato Urbano 1,1º Zonal,Ter: 17:00,,,,,Pertence a matriz de Paróquia da Sagrada Família,
Nossa Senhora da Conceiçao - B. Teimosa,,Natal,Vicariato Urbano 1,1º Zonal,Dom: 17:00,,,,,Pertence a matriz de Paróquia da Sagrada Família,
Paróquia de Nossa Senhora da Apresentação,Cidade Alta,Natal,Vicariato Urbano 1,1º Zonal,"Seg, Ter, Qua, Qui, Sex, Sáb: 7:30 | Dom: 08:00 | Dom: 11:00 | Dom: 17:30",,"Praça André de Albuquerque, s/n, Cidade Alta - 59025-580, Natal/RN",(84) 3615-2808,,Matriz,Terça a sexta - 14h30 às 16h
São Félix,,Natal,Vicariato Urbano 1,1º Zonal,Dom: 09:30,,,,,Pertence a matriz de Paróquia Nossa Senhora da Apresentação,
Sagrado coração de Jesus,,Natal,Vicariato Urbano 1,1º Zonal,Dom: 09:30 | Sáb: 19:00,,,,,Pertence a matriz de Paróquia Nossa Senhora da Apresentação,
Nossa Senhora do Rosário dos pretos,,Natal,Vicariato Urbano 1,1º Zonal,"Qua, Sex: 07:00 | Dom: 08:00 | Dom: 16:00 | Sáb: 17:00",,,,,Pertence a matriz de Paróquia Nossa Senhora da Apresentação,
Santo Antônio - Galo,,Natal,Vicariato Urbano 1,1º Zonal,"Seg, Ter, Qua, Qui, Sex, Sáb: 06:30 | Dom: 08:00 | Dom: 10:00 | Ter, Qua, Qui, Sex: 11:30 | Dom, Seg, Ter, Qua, Qui, Sex, Sáb: 18:00",,,,,Pertence a matriz de Paróquia Nossa Senhora da Apresentação,Terça a sexta - a partir das 14h00
Paróquia de Nossa Senhora da Conceição,Mãe Luíza,Natal,Vicariato Urbano 1,1º Zonal,"Ter, Qua, Qui, Sex: 17:00 | Sáb: 19:00 | Dom: 19:00",,"Alameda Padre Sabino Gentili, 686, Mãe Luíza - 59014-425, Natal/RN",(84) 99843-1594,paroquia.nsconceicao23@gmail.com,Matriz,
Nossa Senhora Aparecida,,Natal,Vicariato Urbano 1,1º Zonal,Dom: 07:30 | Sex: 19:00,,,,,Pertence a matriz de Paróquia de Nossa Senhora da Conceição,
Paróquia de Nossa Senhora das Graças e Santa Teresinha,Tirol,Natal,Vicariato Urbano 1,1º Zonal,"Seg, Ter, Qua, Qui, Sex: 17:30 | Dom: 08:00 | Dom: 11:00 | Dom: 17:00 | Dom: 19:30","Último domingo do mês, 9h30 — Missa das crianças.","Av. Rodrigues Alves, 793, Tirol - 59020-200, Natal/RN",(84) 3615-2809 / 3615-2810,,Matriz,
São Judas Tadeu,,Natal,Vicariato Urbano 1,1º Zonal,Dom: 09:30 | Qui: 16:30,,,,,Pertence a matriz de Paróquia de Nossa Senhora das Graças e Santa Teresinha,
Nossa Senhora Rainha da Paz e Santa Luzia,,Natal,Vicariato Urbano 1,1º Zonal,"Dom, Ter, Sex: 07:00 | Sáb: 16:00",,,,,Pertence a matriz de Paróquia de Nossa Senhora das Graças e Santa Teresinha,
Paróquia de Nossa Senhora de Lourdes,Areia Preta,Natal,Vicariato Urbano 1,1º Zonal,"Ter, Qua, Qui, Sex, Sáb: 17:30 | Dom: 09:00 | Dom: 18:00",,"Tv. Aprígio Alves, 738, Areia Preta - 59014-050, Natal/RN",(84) 99631-0213,pnslourdes.natal@gmail.com,Matriz,
São Francisco de Assis - Areia Preta,,Natal,Vicariato Urbano 1,1º Zonal,Dom: 11:00,,,,,Pertence a matriz de Paróquia de Nossa Senhora de Lourdes,
Santana e São Joaquim - Praia do Meio,,Natal,Vicariato Urbano 1,1º Zonal,Dom: 07:00,,,,,Pertence a matriz de Paróquia de Nossa Senhora de Lourdes,
Capela do Hospital Onofre Lopes,,Natal,Vicariato Urbano 1,1º Zonal,"Qua, Sex: 10:00",,,,,Pertence a matriz de Paróquia de Nossa Senhora de Lourdes,
Paróquia de São João Batista,Lagoa Seca,Natal,Vicariato Urbano 1,1º Zonal,"Ter, Qua, Qui, Sex: 17:30 | Sáb: 17:00 | Dom: 07:00 | Dom: 18:00",,"Rua São João, 1363, Lagoa Seca - 59022-390, Natal/RN",(84) 3615-2871 / 99927-4343,paroquiasjbatista@yahoo.com.br,Matriz,
Cristo Redentor,,Natal,Vicariato Urbano 1,1º Zonal,Dom: 08:00 | Ter: 19:00,,,,,Pertence a matriz de Paróquia de São João Batista,
Nossa Senhora do Líbano,,Natal,Vicariato Urbano 1,1º Zonal,Dom: 10:00 | Sex: 11:00 | Dom: 17:00,,,,,Pertence a matriz de Paróquia de São João Batista,
Santo Antônio,,Natal,Vicariato Urbano 1,1º Zonal,Dom: 08:30 | Sáb: 17:00 | Qui: 18:30,,,,,Pertence a matriz de Paróquia de São João Batista,
Paróquia de São Pedro Apóstolo,Alecrim,Natal,Vicariato Urbano 1,1º Zonal,Seg: 06:30 | Seg: 18:00 | Ter: 06:30 | Ter: 18:00 | Qua: 06:30 | Qua: 18:00 | Qui: 06:30 | Qui: 18:00 | Sex: 06:30 | Sex: 18:00 | Dom: 06:30 | Dom: 10:30 | Dom: 17:00,"Segunda-feira, 18h — Missa por pedido de cura e libertação.","Praça Pedro II, s/n, Alecrim - 59030-000, Natal/RN",(84) 3615-2816,saopedroapostolo@yahoo.com,Matriz,Após as missas
São josé,,Natal,Vicariato Urbano 1,1º Zonal,"Dom, Qua: 19:00",,,,,Pertence a matriz de Paróquia de São Pedro Apóstolo,
Nossa Senhora da Conceição,,Natal,Vicariato Urbano 1,1º Zonal,"Dom: 09:00 | Dom, Ter, Sex, Sáb: 18:30",Todo Dia 18 - 18h30**,,,,Pertence a matriz de Paróquia de São Pedro Apóstolo,
São Francisco de Assis,,Natal,Vicariato Urbano 1,1º Zonal,Dom: 09:00,,,,,Pertence a matriz de Paróquia de São Pedro Apóstolo,
Nossa Senhora Aparecida,,Natal,Vicariato Urbano 1,1º Zonal,Qui: 18:30,,,,,Pertence a matriz de Paróquia de São Pedro Apóstolo,
Paróquia do Bom Jesus das Dores,Ribeira,Natal,Vicariato Urbano 1,1º Zonal,"Seg, Ter, Qua, Qui, Sex, Sáb: 17:00 | Dom: 08:00 | Dom: 11:00 | Dom: 17:00","1º sábado do mês, 8h.","Praça Cap. José da Penha, 135, Ribeira - 59012-080, Natal/RN",(84) 3615-2823 / 99937-2920,,Matriz,Terça a sexta - 15h às 17h
Paróquia de Nossa Senhora Aparecida,Neópolis,Natal,Vicariato Urbano 1,2º Zonal,"Ter, Qua, Qui, Sex: 17:30 | Sáb: 19:00 | Dom: 07:30 | Dom: 11:00 | Dom: 19:00","Dia 20, 19h — missa com oração por cura. Dia 29, 19h — em honra a São Miguel Arcanjo.","Rua Rondônia, 425, Neópolis - 59080-410, Natal/RN",(84) 3615-2831,pnsaparecidanatal@hotmail.com,Matriz,Terça a Sexta - 15h às 17h
São Judas Tadeu,,Natal,Vicariato Urbano 1,2º Zonal,Dom: 09:30 | Dom: 17:00,,,,,Pertence a matriz de Paróquia de Nossa Senhora Aparecida,
Paróquia de Nossa Senhora da Candelária,Candelária,Natal,Vicariato Urbano 1,2º Zonal,"Ter, Qua, Qui, Sex: 17:00 | Sáb: 18:00 | Dom: 08:00 | Dom: 11:00 | Dom: 18:00","Todo dia 2, às 12h.","Rua Marechal Rondon, 1859, Candelária - 59064-730, Natal/RN",(84) 99161-9999,paroquia@paroquiadecandelaria.com.br,Matriz,"Terça, Quarta e Sexta - 15h às 16h"
Mãe Peregrina,,Natal,Vicariato Urbano 1,2º Zonal,"Dom, Sáb: 16:00",,,,,Pertence a matriz de Paróquia de Nossa Senhora da Candelária,
Paróquia de Sant'Ana,Capim Macio,Natal,Vicariato Urbano 1,2º Zonal,"Ter, Qua, Qui: 19:00 | Sex, Sáb: 17:00 | Dom: 10:00 | Dom: 17:00","Todo dia 26, 19h — Missa do ramalhete de Sant'Ana.","Rua Des. José Gomes da Costa, 1927, Capim Macio - 59082-140, Natal/RN",(84) 2020-5323 / 99856-8056,paroquiasantanacmacio@yahoo.com.br,Matriz,
Paróquia de Santa Rita de Cássia dos Impossíveis,Ponta Negra,Natal,Vicariato Urbano 1,2º Zonal,"Seg, Ter, Qua, Qui, Sex: 18:00 | Sáb: 17:00 | Dom: 08:00 | Dom: 11:00 | Dom: 18:00",,"Rua Praia de Itamaracá, 18, Ponta Negra - 59094-510, Natal/RN",(84) 3615-2840 / 98896-4232,,Matriz,Sexta - 15h
Paróquia de Santo Afonso Maria de Ligório,Capim Macio,Natal,Vicariato Urbano 1,2º Zonal,"Seg, Ter, Qua, Qui, Sex: 19:00 | Dom: 08:00 | Dom: 19:00",,"Av. Santos Dumont, s/n, Conj. Mirassol, Capim Macio - 59078-200, Natal/RN",(84) 3615-2855,secretariasantoafonso@gmail.com,Matriz,Quarta - 16h às 17h (Santo Agostinho) / Quinta - 16h às 18h (Santo Afonso)
Santo Agostinho,,Natal,Vicariato Urbano 1,2º Zonal,"Sáb: 09:00 | Dom: 11:00 | Dom, Qua, Sex: 17:00 | Sáb: 19:00",,,,,Pertence a matriz de Paróquia de Santo Afonso Maria de Ligório,
Capela do Câmpus,,Natal,Vicariato Urbano 1,2º Zonal,Dom: 18:30,,,,,Pertence a matriz de Paróquia de Santo Afonso Maria de Ligório,
Paróquia de São Camilo de Léllis,Lagoa Nova,Natal,Vicariato Urbano 1,2º Zonal,"Sáb: 17:00 | Dom: 07:00 | Dom: 11:00 | Dom: 19:00 | Ter, Qua, Qui, Sex: 18:00",,"Rua Pureza, s/n, Lagoa Nova - 59063-170, Natal/RN",(84) 3615-2859,saocamilo.natal@gmail.com,Matriz,
Paróquia de São João Batista,Vila de Ponta Negra,Natal,Vicariato Urbano 1,2º Zonal,"Ter, Qua, Qui, Sex, Sáb: 19:00 | Dom: 07:00 | Dom: 19:00",,"Rua Manoel Coringa de Lemos, 441, Vila de Ponta Negra - 59094-510, Natal/RN",(84) 99156-5000,,Matriz,Quinta - 16h às 18h
São Mateus Moreira,,Natal,Vicariato Urbano 1,2º Zonal,Dom: 17:00 | Sex: 19:00,1ª Sexta do mês,,,,Pertence a matriz de Paróquia de São João Batista,
Praça do alagamar,,Natal,Vicariato Urbano 1,2º Zonal,Dom: 09:30,,,,,Pertence a matriz de Paróquia de São João Batista,
Paróquia do Sagrado Coração de Jesus e Nossa Senhora do Perpétuo Socorro,Lagoa Nova,Natal,Vicariato Urbano 1,2º Zonal,"Ter: 19:00 | Qua: 12:00 | Qui: 19:00 | Sex, Sáb: 17:00 | Dom: 07:00 | Dom: 10:30 | Dom: 17:00 | Dom: 19:00","Terça com novena. Quinta com adoração. 1ª sexta-feira do mês, 17h.","Av. Antônio Basílio, 3840, Lagoa Nova - 59056-500, Natal/RN",(84) 3615-2813 / 99607-0165,,Matriz,Terça e Quinta - 16h às 18h
São Geraldo Majella,,Natal,Vicariato Urbano 1,2º Zonal,Dom: 08:30 | Dom: 18:00,,,,,Pertence a matriz de Paróquia do Sagrado Coração de Jesus e Nossa Senhora do Perpétuo Socorro,
Imaculada Conceição,,Natal,Vicariato Urbano 1,2º Zonal,Dom: 17:00 | Sáb: 18:30,,,,,Pertence a matriz de Paróquia do Sagrado Coração de Jesus e Nossa Senhora do Perpétuo Socorro,
Nossa Senhora das Vitórias,,Natal,Vicariato Urbano 1,2º Zonal,Sáb: 17:00,,,,,Pertence a matriz de Paróquia do Sagrado Coração de Jesus e Nossa Senhora do Perpétuo Socorro,
Setor Nossa Senhora de Fátima,,Natal,Vicariato Urbano 1,2º Zonal,Sáb: 18:30,3º Sábado do mês,,,,Pertence a matriz de Paróquia do Sagrado Coração de Jesus e Nossa Senhora do Perpétuo Socorro,
Setor São José Operário,,Natal,Vicariato Urbano 1,2º Zonal,Sáb: 19:00,4º Sábado do mês,,,,Pertence a matriz de Paróquia do Sagrado Coração de Jesus e Nossa Senhora do Perpétuo Socorro,
Paróquia Nossa Senhora Rainha da Paz,Nova Parnamirim,Parnamirim,Vicariato Urbano 1,3º Zonal,"Dom, Sáb: 08:00 | Dom, Sáb: 17:00 | Ter, Qui, Sex: 19:00","1ª sexta-feira do mês, 19h.","Rua Serra dos Milagres, 01, Nova Parnamirim - 59152-690, Parnamirim/RN",(84) 98809-7016,rainhadapaznovaparnamirim@gmail.com,Matriz,
São João Batista,,Parnamirim,Vicariato Urbano 1,3º Zonal,Seg: 19:00,2ª e 4ª Sexta-feira do mês,,,,Pertence a matriz de Paróquia de Nossa Senhora Rainha da Paz,
Nossa Senhora das Vitórias,,Parnamirim,Vicariato Urbano 1,3º Zonal,Sáb: 19:30 | Seg: 19:00,1ª e 3ª Segunda-feira do mês,,,,Pertence a matriz de Paróquia de Nossa Senhora Rainha da Paz,
São Francisco de Assis - Cond. Éden Park,,Parnamirim,Vicariato Urbano 1,3º Zonal,Dom: 09:00,2º Domingo do mês,,,,Pertence a matriz de Paróquia de Nossa Senhora Rainha da Paz,
Paróquia de Nossa Senhora da Conceição,Nova Parnamirim,Parnamirim,Vicariato Urbano 1,3º Zonal,"Seg, Ter, Qua, Qui, Sex: 17:00 | Dom, Sáb: 19:00 | Dom: 07:00",,"Rua Cap. Luís Gonzaga, 216, Conj. Isauro Rosado, Nova Parnamirim - 59151-010, Parnamirim/RN",(84) 3615-2833 / 99132-9119,,Matriz,Quinta - 15h
Paróquia de Santos Reis,Santos Reis,Parnamirim,Vicariato Urbano 1,3º Zonal,Dom: 07:30 | Dom: 19:00,"Quinta-feira (1ª e 3ª do mês), 19h.","Rua Cabo Serafim Nunes Neto, 183, Santos Reis - 59141-170, Parnamirim/RN",,,Matriz,
Nossa Senhora da Guia,,Parnamirim,Vicariato Urbano 1,3º Zonal,Qua: 19:00,2ª e 4ª Quarta-feira do mês,,,,Pertence a matriz de Paróquia de Santos Reis,
São José,,Parnamirim,Vicariato Urbano 1,3º Zonal,Sex: 19:00,2ª e última Sexta-feira do mês,,,,Pertence a matriz de Paróquia de Santos Reis,
Divino Espírito Santo,,Parnamirim,Vicariato Urbano 1,3º Zonal,Sáb: 16:00,,,,,Pertence a matriz de Paróquia de Santos Reis,
Nossa Senhora da Penha,,Parnamirim,Vicariato Urbano 1,3º Zonal,Dom: 16:00,,,,,Pertence a matriz de Paróquia de Santos Reis,
Cristo Rei,,Parnamirim,Vicariato Urbano 1,3º Zonal,Dom: 10:30,,,,,Pertence a matriz de Paróquia de Santos Reis,
Imaculada Conceição,,Parnamirim,Vicariato Urbano 1,3º Zonal,Sáb: 19:30,,,,,Pertence a matriz de Paróquia de Santos Reis,
Nossa Senhora Aparecida,,Parnamirim,Vicariato Urbano 1,3º Zonal,Dom: 17:15,,,,,Pertence a matriz de Paróquia de Santos Reis,
Paróquia de Nossa Senhora de Fátima,Cohabinal,Parnamirim,Vicariato Urbano 1,3º Zonal,"Seg, Ter, Qua, Qui, Sex: 18:00 | Dom: 07:00 | Dom, Sáb: 19:00","Dia 13, 12h — missa votiva a Nossa Senhora de Fátima.","Av. Castor Vieira Régis, 268, Cohabinal - 59140-670, Parnamirim/RN",(84) 99434-7122,secretariaparoquialpanfa@gmail.com,Matriz,"Terça, Quarta e Sexta - 15h às 17h30 / Quinta - 19h30"
Paróquia de Nossa Senhora do Carmo,Parque das Nações,Parnamirim,Vicariato Urbano 1,3º Zonal,"Ter, Qua, Qui, Sex: 17:00 | Sáb: 19:30 | Dom: 07:00 | Dom: 09:00 | Dom: 18:00",,"Av. Eliza Branco Pereira dos Santos, 1357, Parque das Nações - 59158-160, Parnamirim/RN",(84) 2020-7663 / 99476-6014,paroquiansdocarmorn@gmail.com,Matriz,Terça a Sexta - 15h às 16h40
São José,,Parnamirim,Vicariato Urbano 1,3º Zonal,Dom: 16:00,,,,,Pertence a matriz de Paróquia de Nossa Senhora do Carmo,
São Miguel Arcanjo,,Parnamirim,Vicariato Urbano 1,3º Zonal,Sáb: 16:00,,,,,Pertence a matriz de Paróquia de Nossa Senhora do Carmo,
Sagrada Família,,Parnamirim,Vicariato Urbano 1,3º Zonal,Sáb: 18:00,,,,,Pertence a matriz de Paróquia de Nossa Senhora do Carmo,
Paróquia de São Francisco de Assis e São João Lostau Navarro,Pirangi do Norte,Parnamirim,Vicariato Urbano 1,3º Zonal,"Ter, Qua: 19:00 | Dom: 19:30",,"Rua João Batista de Lima, s/n, Pirangi do Norte - 59161-570, Parnamirim/RN",,pasfapazebem@outlook.com,Matriz,
São Sebastião,,Parnamirim,Vicariato Urbano 1,3º Zonal,Dom: 09:00 | Sex: 19:00,,,,,Pertence a matriz de Paróquia de São Francisco de Assis e São João Lostau Navarro,
Santa Luzia,,Parnamirim,Vicariato Urbano 1,3º Zonal,Dom: 07:00 | Qui: 19:00,,,,,Pertence a matriz de Paróquia de São Francisco de Assis e São João Lostau Navarro,
Nossa Senhora da Conceição,,Parnamirim,Vicariato Urbano 1,3º Zonal,Sáb: 19:00,,,,,Pertence a matriz de Paróquia de São Francisco de Assis e São João Lostau Navarro,
São Francisco,,Parnamirim,Vicariato Urbano 1,3º Zonal,Sáb: 17:30,,,,,Pertence a matriz de Paróquia de São Francisco de Assis e São João Lostau Navarro,
Paróquia do Santo André de Soveral,Emaús,Parnamirim,Vicariato Urbano 1,3º Zonal,Dom: 07:00 | Dom: 19:00 | Qui: 19:00,"Dia 03, 19h — votiva aos Santos Mártires. Dia 29, 19h — cura/libertação a São Miguel. 1ª sexta-feira, 19h.","Av. Aeroporto de Petrolina, 626, Conj. Jardim Aeroporto, Emaús - 59149-336, Parnamirim/RN",(84) 3643-1355,paroquiadosoveral.financeiro@hotmail.com,Matriz,
Parque Industrial,,Parnamirim,Vicariato Urbano 1,3º Zonal,Dom: 17:30,"1º sábado do mês, 16h.",,,,Pertence a matriz de Paróquia do Santo André de Soveral,
Parque das orquídeas,,Parnamirim,Vicariato Urbano 1,3º Zonal,Sáb: 17:30,"1ª Sexta-feira do mês, 17h",,,,Pertence a matriz de Paróquia do Santo André de Soveral,
Paróquia de Nossa Senhora Virgem dos Pobres,Emaús,Parnamirim,Vicariato Urbano 1,3º Zonal,"Qui, Sex, Sáb: 19:00 | Dom: 07:00 | Dom: 10:00 | Dom: 17:00","Domingo, 10h — missa das crianças.","Rua Dom Bosco, s/n, Emaús - 59148-450, Parnamirim/RN",(84) 98844-8247,pascomemaus2017@gmail.com,Matriz,"Quinta, Sexta e Sábado - 17h às 19h e após a Missa das 19h para os que trabalham."
Paróquia de São Mateus Moreira,Cidade Verde,Parnamirim,Vicariato Urbano 1,3º Zonal,"Ter, Qua, Qui, Sex, Sáb: 19:00 | Dom: 08:00 | Dom: 16:00 | Dom: 19:00",,"Av. dos Eucaliptos, 101, Cidade Verde - 59150-000, Parnamirim/RN",(84) 2030-3381 / 98622-4138,,Matriz,
Nazaré,,Parnamirim,Vicariato Urbano 1,3º Zonal,Sáb: 17:00,,,,,Pertence a matriz de Paróquia de São Mateus Moreira,
Paróquia São Miguel Arcanjo,Rosa dos Ventos,Parnamirim,Vicariato Urbano 1,3º Zonal,Dom: 08:00 | Dom: 19:00,"1ª sexta-feira do mês, 18h.","Av. Dr. Mario Negócio, Rosa dos Ventos - 59141-560, Parnamirim/RN",(84) 99706-5358,,Matriz,
Santo Antônio,,Parnamirim,Vicariato Urbano 1,3º Zonal,Dom: 10:30 | Sáb: 16:00 | Qua: 19:00,"Última quinta-feira do mês, 15h",,,,Pertence a matriz de Paróquia São Miguel Arcanjo,
Nossa Senhora de guadalupe,,Parnamirim,Vicariato Urbano 1,3º Zonal,Ter: 19:30,Quinzenalmente,,,,Pertence a matriz de Paróquia São Miguel Arcanjo,
Nossa Senhora aparecida,,Parnamirim,Vicariato Urbano 1,3º Zonal,Sex: 19:30,Quinzenalmente,,,,Pertence a matriz de Paróquia São Miguel Arcanjo,
Santa teresinha,,Parnamirim,Vicariato Urbano 1,3º Zonal,Sáb: 18:00,,,,,Pertence a matriz de Paróquia São Miguel Arcanjo,
São Lostau E São João Paulo II,,Parnamirim,Vicariato Urbano 1,3º Zonal,Sex: 19:30,Quinzenalmente,,,,Pertence a matriz de Paróquia São Miguel Arcanjo,
São Francisco,,Parnamirim,Vicariato Urbano 1,3º Zonal,Sáb: 19:30,,,,,Pertence a matriz de Paróquia São Miguel Arcanjo,
Sagrada Família,,Parnamirim,Vicariato Urbano 1,3º Zonal,Dom: 16:00,Quinzenalmente,,,,Pertence a matriz de Paróquia São Miguel Arcanjo,
Santa Rita de Cássia,,Parnamirim,Vicariato Urbano 1,3º Zonal,Dom: 17:30,,,,,Pertence a matriz de Paróquia São Miguel Arcanjo,
Nossa Senhora da Piedade,,Parnamirim,Vicariato Urbano 1,3º Zonal,Dom: 17:30,,,,,Pertence a matriz de Paróquia São Miguel Arcanjo,
Paróquia de Nossa Senhora Auxiliadora,Felipe Camarão,Natal,Vicariato Urbano 1,4º Zonal,"Ter, Qui, Sex: 19:00 | Dom: 09:00 | Dom: 19:00",,"Rua Arco-íris, 99, Felipe Camarão - 59074-310, Natal/RN",(84) 2131-5519,pnauxiliadora@hotmail.com,Matriz,Quinta e Sexta - 15h
Nossa Senhora da Conceição,,Natal,Vicariato Urbano 1,4º Zonal,Dom: 17:30 | Qua: 19:00,,,,,Pertence a matriz de Paróquia de Nossa Senhora Auxiliadora,
Santo Antônio,,Natal,Vicariato Urbano 1,4º Zonal,Sáb: 17:30,,,,,Pertence a matriz de Paróquia de Nossa Senhora Auxiliadora,
Nossa Senhora de Guadalupe,,Natal,Vicariato Urbano 1,4º Zonal,Dom: 07:00,,,,,Pertence a matriz de Paróquia de Nossa Senhora Auxiliadora,
Nossa Senhora de Lourdes,,Natal,Vicariato Urbano 1,4º Zonal,Sáb: 19:30,,,,,Pertence a matriz de Paróquia de Nossa Senhora Auxiliadora,
São José,,Natal,Vicariato Urbano 1,4º Zonal,Dom: 16:00,,,,,Pertence a matriz de Paróquia de Nossa Senhora Auxiliadora,
Santa Luzia,,Natal,Vicariato Urbano 1,4º Zonal,Seg: 18:00 | Qua: 19:00,,,,,Pertence a matriz de Paróquia de Nossa Senhora Auxiliadora,
Nossa Senhora da Piedade,,Natal,Vicariato Urbano 1,4º Zonal,Sáb: 16:00,,,,,Pertence a matriz de Paróquia de Nossa Senhora Auxiliadora,
Paróquia de Nossa Senhora da Assunção,Guarapes,Natal,Vicariato Urbano 1,4º Zonal,"Ter, Qua, Sex: 19:00 | Dom: 08:00 | Dom: 19:00",,"Rua Lagoa Nova, 137, Guarapes - 59074-740, Natal/RN",,,Matriz,Terça e Sexta - 16h às 18h
Paróquia de Nossa Senhora do Perpétuo Socorro,Quintas,Natal,Vicariato Urbano 1,4º Zonal,"Ter, Qui, Sex: 19:00 | Sex, Sáb: 18:00 | Dom: 07:00 | Dom: 19:00",,"Rua Luiz Fernandes, s/n, Quintas - 59035-070, Natal/RN",(84) 3301-0215 / 99423-1504,,Matriz,Quarta e Quinta - 16h
Divino Espírito Santo,,Natal,Vicariato Urbano 1,4º Zonal,Dom: 09:00 | Qua: 19:00,,,,,Pertence a matriz de Paróquia de Nossa Senhora do Perpétuo Socorro,
Beata Ana Rosa Gatorno,,Natal,Vicariato Urbano 1,4º Zonal,Dom: 17:00,,,,,Pertence a matriz de Paróquia de Nossa Senhora do Perpétuo Socorro,
Paróquia de São José,Cidade Nova,Natal,Vicariato Urbano 1,4º Zonal,"Dom: 08:00 | Dom: 17:00 | Qui, Sex: 17:00 | Sáb: 18:30",,"Av. Solange Nunes do Nascimento, 687, Cidade Nova - 59072-500, Natal/RN",(84) 2131-6228,cnsaojose@gmail.com,Matriz,fiquem a vontade em divulgar o aplicativo
Paróquia de São José de Anchieta,Lagoa Nova,Natal,Vicariato Urbano 1,4º Zonal,"Seg, Ter, Qua, Qui, Sex: 07:30 | Ter, Qua, Qui, Sex: 19:00 | Sáb: 08:30 | Sáb: 17:00 | Dom: 09:00 | Dom: 11:00 | Dom: 12:30 | Dom: 18:00 | Dom: 19:30","Quintas-feiras, 18h — adoração ao Santíssimo Sacramento.","Rua São José de Mipibu, 1515, Lagoa Nova II - 59063-070, Natal/RN",(84) 3615-2857 / 99414-2311,paroquiapsjarn@gmail.com,Matriz,fiquem a vontade em divulgar o aplicativo
Paróquia de São Sebastião,Alecrim,Natal,Vicariato Urbano 1,4º Zonal,"Dom: 08:00 | Dom: 16:30 | Dom: 19:30 | Ter, Qua, Qui, Sex, Sáb: 19:00",,"Rua Cel. Estevão, 1499, Alecrim - 59035-000, Natal/RN",(84) 3615-2874 / 2020-0754,psaosebastiao@outlook.com,Matriz,Qunta - 17h
Paróquia do Santuário dos Santos Mártires de Cunhaú e Uruaçu,Nossa Senhora de Nazaré,Natal,Vicariato Urbano 1,4º Zonal,"Dom: 07:00 | Dom: 10:00 | Dom: 17:00 | Ter, Qua, Qui, Sex: 19:00","1ª quinta-feira do mês, 19h — cura e libertação. Dia 3, 19h — votiva aos Santos Mártires.","Av. Miguel Castro, 1002, Nossa Senhora de Nazaré - 59062-000, Natal/RN",(84) 98823-9293,,Matriz,"Terça, Quarta e Sexta - 16h às 18h"
Paróquia Jesus Bom Pastor,Bom Pastor,Natal,Vicariato Urbano 1,4º Zonal,"Ter, Qua, Qui, Sex: 19:00 | Sáb: 19:30 | Dom: 07:30 | Dom: 16:00 | Dom: 19:30",,"Av. Bom Pastor, 1186, Bom Pastor - 59052-080, Natal/RN",,secretariabompastor@hotmail.com,Matriz,Terça a Sexta - 15h30 às 16h30
Paróquia Santuário de Nossa Senhora da Esperança e Santo Inácio de Loyola,Cidade da Esperança,Natal,Vicariato Urbano 1,4º Zonal,"Ter, Qua, Qui, Sex, Sáb: 19:00 | Dom: 08:30 | Dom: 11:00 | Dom: 17:00",,"Praça da Matriz, s/n, Cidade da Esperança - 59070-100, Natal/RN",(84) 3615-2891,santuarioesperanca@gmail.com,Matriz,
Paróquia de São Francisco de Assis,Pitimbu,Natal,Vicariato Urbano 1,15º Zonal,"Ter, Qua, Qui, Sex: 17:30 | Sáb: 16:00 | Dom: 07:00 | Dom: 18:00",,"Rua Maracanã, s/n, Pitimbu - 59067-280, Natal/RN",(84) 3615-2834 / 99610-0652,sfassisparoquia.satelite@gmail.com,Matriz,Terça e Quinta - 16h às 17h
Santa Luzia,,Natal,Vicariato Urbano 1,15º Zonal,Dom: 16:00,Todo dia 13 - 12h*,,,,Pertence a matriz de Paróquia de São Francisco de Assis,
Menino Jesus de Praga,,Natal,Vicariato Urbano 1,15º Zonal,Sáb: 19:00,2º e Últimos sábados do mês,,,,Pertence a matriz de Paróquia de São Francisco de Assis,
São Frei Galvão,,Natal,Vicariato Urbano 1,15º Zonal,Dom: 10:00,,,,,Pertence a matriz de Paróquia de São Francisco de Assis,
Paróquia de Santa Clara,Pitimbu,Natal,Vicariato Urbano 1,15º Zonal,"Ter, Qua, Qui, Sex: 06:30 | Dom: 08:00 | Dom: 17:30",,"Rua Engenheiro Joaquim Cardoso, 475, Pitimbu - 59069-010, Natal/RN",(84) 3618-3113,psantaclaranatal@gmail.com,Matriz,Terça a Sexta - 15h às 17h
São Francisco de Assis,,Natal,Vicariato Urbano 1,15º Zonal,Sáb: 17:00,,,,,Pertence a matriz de Paróquia de Santa Clara,
Paróquia de Nossa Senhora dos Impossíveis,Pitimbu,Natal,Vicariato Urbano 1,15º Zonal,"Dom: 11:00 | Dom: 18:00 | Qua, Qui, Sex: 19:00 | Sáb: 17:00","Última quarta-feira do mês, 19h — missa com oração de cura.","Rua Paranapanema, s/n, 2ª etapa do Cidade Satélite, Pitimbu - 59068-330, Natal/RN",(84) 98104-3903,,Matriz,
Paróquia do Santo Ambrósio Francisco Ferro,Planalto,Natal,Vicariato Urbano 1,15º Zonal,"Ter, Qui, Sex, Sáb: 19:00 | Dom: 09:00 | Dom: 17:00",,"Rua Miramangue, 91, Planalto - 59074-320, Natal/RN",(84) 3218-7512,,Matriz,
São José Operário,,Natal,Vicariato Urbano 1,15º Zonal,Dom: 07:00,,,,,Pertence a matriz de Paróquia do Santo Ambrósio Francisco Ferro,
Nossa Senhora da Conceição,,Natal,Vicariato Urbano 1,15º Zonal,Qua: 19:00,,,,,Pertence a matriz de Paróquia do Santo Ambrósio Francisco Ferro,
Paróquia de Cristo Rei,Neópolis,Natal,Vicariato Urbano 1,15º Zonal,"Ter, Qua, Qui, Sex, Sáb: 17:00 | Dom: 07:00 | Dom: 11:00 | Dom: 19:30",,"Praça Cristo Rei, s/n, Conj. Pirangi, Neópolis - 59086-440, Natal/RN",(84) 98820-2830,,Matriz,Terça a Sexta - 14h30 às 16h30
Nossa Senhora de Lourdes,,Natal,Vicariato Urbano 1,15º Zonal,Sáb: 16:00,,,,,Pertence a matriz de Paróquia de Cristo Rei,
São Francisco de Assis,,Natal,Vicariato Urbano 1,15º Zonal,Dom: 09:00,,,,,Pertence a matriz de Paróquia de Cristo Rei,
Beata Lindalva Justo,,Natal,Vicariato Urbano 1,15º Zonal,Sáb: 19:00,,,,,Pertence a matriz de Paróquia de Cristo Rei,
São José,,Natal,Vicariato Urbano 1,15º Zonal,Dom: 09:30,,,,,Pertence a matriz de Paróquia de Cristo Rei,
São Paulo,,Natal,Vicariato Urbano 1,15º Zonal,Dom: 17:00,,,,,Pertence a matriz de Paróquia de Cristo Rei,
Paróquia da Imaculada Conceição,Nova Aliança,Natal,Vicariato Urbano 2,11º Zonal,"Dom: 07:00 | Dom: 19:00 | Ter, Qui, Sex: 17:30","1ª sexta-feira, 17h30 — votiva ao Sagrado Coração. 4º sábado, 9h — missa das crianças.","Rua José Luís da Silva, 1415, Loteamento Nova Aliança, Nossa Senhora da Apresentação - 59114-230, Natal/RN",(84) 98740-7850,,Matriz,
Mãe Peregrina,,Natal,Vicariato Urbano 2,11º Zonal,Sáb: 17:30 | Dom: 18:00,Todo dia 18 - 19h*,,,,Pertence a matriz de Paróquia da Imaculada Conceição,
São Francisco,,Natal,Vicariato Urbano 2,11º Zonal,Qua: 19:00 | Sáb: 19:30,,,,,Pertence a matriz de Paróquia da Imaculada Conceição,
Nossa Senhora das Vitórias,,Natal,Vicariato Urbano 2,11º Zonal,Dom: 09:00,,,,,Pertence a matriz de Paróquia da Imaculada Conceição,
Nossa Senhora do Rosário,,Natal,Vicariato Urbano 2,11º Zonal,Dom: 17:00,,,,,Pertence a matriz de Paróquia da Imaculada Conceição,
Paróquia de Santa Luzia,Lagoa Azul,Natal,Vicariato Urbano 2,11º Zonal,"Ter, Qua, Qui, Sex: 18:00 | Sáb: 07:00 | Dom: 11:00 | Dom: 19:00","Dias 13 e 18, 19h.","Av. Nila Jales, 1080, Loteamento Boa Esperança, Lagoa Azul - 59139-444, Natal/RN",(84) 2139-6892,secretariapsantaluzia@gmail.com,Matriz,
Santa Maria Madalena,,Natal,Vicariato Urbano 2,11º Zonal,Dom: 17:00 | Dom: 09:00 | Qui: 19:00,"1ª Sexta-feira do mês, 17h",,,,Pertence a matriz de Paróquia de Santa Luzia,
Nossa Senhora do Rosário,,Natal,Vicariato Urbano 2,11º Zonal,Dom: 07:00 | Sex: 19:00,,,,,Pertence a matriz de Paróquia de Santa Luzia,
São Francisco de Assis,,Natal,Vicariato Urbano 2,11º Zonal,Sáb: 17:00 | Ter: 19:00,,,,,Pertence a matriz de Paróquia de Santa Luzia,
Paróquia de Santa Maria Mãe,Potengi,Natal,Vicariato Urbano 2,11º Zonal,"Qua, Sex: 19:00 | Dom: 07:30 | Dom: 19:00",,"Rua Salto Veloso, 1838, Conj. Santa Catarina, Potengi - 59110-280, Natal/RN",(84) 3615-2886,paroquiasmmnatal@gmail.com,Matriz,Terça a Sexta - 14h30 às 17h30
Paróquia de Santo Antônio de Pádua,Parque dos Coqueiros,Natal,Vicariato Urbano 2,11º Zonal,"Dom: 07:00 | Dom: 19:00 | Ter, Qua, Qui, Sex: 18:00 | Sáb: 07:00",,"Av. Tomaz Landim, s/n, Conj. Parque dos Coqueiros, Nossa Senhora da Apresentação - 59104-000, Natal/RN",(84) 3343-1172,psantoantoniodepadua13@gmail.com,Matriz,
Paróquia de Sant'Ana,Soledade II,Natal,Vicariato Urbano 2,11º Zonal,"Ter, Qua, Qui, Sex, Sáb: 17:00 | Dom: 07:00 | Dom: 17:00 | Dom: 19:00","Todo dia 26, 19h — Missa do ramalhete de Sant'Ana.","Av. Ilha de São Paulo, 1110, Conj. Soledade II, Potengi - 59129-130, Natal/RN",(84) 3615-2880,,Matriz,
São João Evangelista,,Natal,Vicariato Urbano 2,11º Zonal,Dom: 18:00 | Qui: 19:00,"1ª sexta-feira do mês, 16h",,,,Pertence a matriz de Paróquia de Sant'Ana,
São Mateus,,Natal,Vicariato Urbano 2,11º Zonal,Dom: 10:00,"1ª sexta-feira do mês, 19h",,,,Pertence a matriz de Paróquia de Sant'Ana,
Paróquia de São Tomé Apóstolo,Igapó,Natal,Vicariato Urbano 2,11º Zonal,Dom: 07:00 | Dom: 19:00,,"Rua Júpiter, 48, Igapó, Conj. Cidade do Sol - 59106-170, Natal/RN",(84) 99661-1174,psaotomeapostolo@gmail.com,Matriz,
São Bartolomeu,,Natal,Vicariato Urbano 2,11º Zonal,Sáb: 18:00,,,,,Pertence a matriz de Paróquia de São Tomé Apóstolo,
São José,,Natal,Vicariato Urbano 2,11º Zonal,Sáb: 19:30,,,,,Pertence a matriz de Paróquia de São Tomé Apóstolo,
Santo André,,Natal,Vicariato Urbano 2,11º Zonal,Dom: 17:00,,,,,Pertence a matriz de Paróquia de São Tomé Apóstolo,
Santa Dulce dos Pobres,,Natal,Vicariato Urbano 2,11º Zonal,Sáb: 09:00,2º e 4º Sábado do mês,,,,Pertence a matriz de Paróquia de São Tomé Apóstolo,
Paróquia de Nossa Senhora da Conceição,Centro,Macaíba,Vicariato Urbano 2,12º Zonal,"Ter: 19:00 | Qua, Qui, Sex: 07:00 |  Dom: 07:30 | Dom: 19:00","1ª sexta-feira do mês, 19h","Largo Côn. Estevam Dantas, 65, Centro - 59280-000, Macaíba/RN",(84) 99195-2682,paroquiademacaiba@hotmail.com,Matriz,"Terça, Quinta e Sexta - 15h às 17h"
Santo Antônio,,Macaíba,Vicariato Urbano 2,12º Zonal,Dom: 07:00,"1ª sexta-feira do mês, 19h30",,,,Pertence a matriz de Nossa Senhora da Conceição - Macaíba,
Medianeira,,Macaíba,Vicariato Urbano 2,12º Zonal,Qui: 19:30,,,,,Pertence a matriz de Nossa Senhora da Conceição - Macaíba,
Paróquia de Nossa Senhora de Fátima,Vilar,Macaíba,Vicariato Urbano 2,12º Zonal,"Qui, Sex: 19:00 | Dom: 08:00 | Dom: 19:00","Quando houver a missa da 1ª sexta-feira, não haverá a missa da quinta.","Rua Luiz Varela da Costa, 35, Bairro Vilar - Macaíba/RN",(84) 99181-3019,paroquiansfatima_vilar@outlook.com,Matriz,Quinta e Sexta - 9h30 às 12h
Paróquia de Santo Antônio,Santo Antônio do Potengi,São Gonçalo do Amarante,Vicariato Urbano 2,12º Zonal,Dom: 09:00 | Dom: 19:00,"Dia 29, 19h30 — votiva a São Miguel Arcanjo.",,,,Matriz,
Santo Antônio,,São Gonçalo do Amarante,Vicariato Urbano 2,12º Zonal,Dom: 07:00,"1ª Sexta-feira do mês, 19h30",,,,Pertence a paróquia de Santo Antônio,
Medianeira,,São Gonçalo do Amarante,Vicariato Urbano 2,12º Zonal,Qui: 19:30,,,,,Pertence a paróquia de Santo Antônio,
Paróquia de Santo Expedito,Jardim Petrópolis,São Gonçalo do Amarante,Vicariato Urbano 2,12º Zonal,Dom: 07:00 | Dom: 19:00,,"Rua das Magnólias, 18, Jardim Petrópolis - 59290-000, São Gonçalo do Amarante/RN",(84) 99422-4288,paroquiasantoexpeditosga@gmail.com,Matriz,Sexta - 15h às 17h
"São José, esposo de Maria",,São Gonçalo do Amarante,Vicariato Urbano 2,12º Zonal,Dom: 08:30,,,,,Pertence a paróquia de Santo Expedito,
Nossa Senhora Rosa Mística,,São Gonçalo do Amarante,Vicariato Urbano 2,12º Zonal,Dom: 17:00,,,,,Pertence a paróquia de Santo Expedito,
Nossa senhora da Conceição,,São Gonçalo do Amarante,Vicariato Urbano 2,12º Zonal,Sáb: 19:00,,,,,Pertence a paróquia de Santo Expedito,
Paróquia de São Gonçalo do Amarante,Centro,São Gonçalo do Amarante,Vicariato Urbano 2,12º Zonal,Dom: 07:30 | Dom: 19:30 | Qui: 19:30,"1ª sexta-feira, 6h30.","Praça Senador Dinarte Mariz, 40, Centro - 59291-619, São Gonçalo do Amarante/RN",(84) 3278-2843,psgamarante2013@gmail.com,Matriz,
Paróquia de São Lucas,Conjunto Amarante,São Gonçalo do Amarante,Vicariato Urbano 2,12º Zonal,"Qua, Qui, Sex, Sáb: 18:00 | Dom: 09:00 | Dom: 19:00",,"Av. Maranhão, 40, Conjunto Amarante - 59296-644, São Gonçalo do Amarante/RN",(84) 3615-2884 / 98629-6454,pslucas1@live.com,Matriz,
Paróquia de Nossa Senhora dos Navegantes,Redinha,Natal,Vicariato Urbano 2,16º Zonal,Dom: 08:00,,"Rua Francisco Ivo, 85, Redinha - 59122-000, Natal/RN",(84) 99849-4501,pnsnavegantes.natal@gmail.com,Matriz,
Capelinha dos pescadores,,Natal,Vicariato Urbano 2,16º Zonal,Ter: 19:30,,,,,Pertence a matriz de Paróquia de Nossa Senhora dos Navegantes,
Nossa Senhora da Conceição,,Natal,Vicariato Urbano 2,16º Zonal,Qua: 19:30,,,,,Pertence a matriz de Paróquia de Nossa Senhora dos Navegantes,
Nossa Senhora Aparecida,,Natal,Vicariato Urbano 2,16º Zonal,Qui: 19:30,,,,,Pertence a matriz de Paróquia de Nossa Senhora dos Navegantes,
São Francisco de Assis,,Natal,Vicariato Urbano 2,16º Zonal,Sex: 19:30,,,,,Pertence a matriz de Paróquia de Nossa Senhora dos Navegantes,
Sagrado coração de Jesus,,Natal,Vicariato Urbano 2,16º Zonal,Sáb: 16:30,,,,,Pertence a matriz de Paróquia de Nossa Senhora dos Navegantes,
Santa Rita,,Natal,Vicariato Urbano 2,16º Zonal,Sáb: 19:00,,,,,Pertence a matriz de Paróquia de Nossa Senhora dos Navegantes,
Nossa Senhora de Fátima,,Natal,Vicariato Urbano 2,16º Zonal,Dom: 18:00,,,,,Pertence a matriz de Paróquia de Nossa Senhora dos Navegantes,
Nossa Senhora de La Salete,,Natal,Vicariato Urbano 2,16º Zonal,Dom: 10:00,,,,,Pertence a matriz de Paróquia de Nossa Senhora dos Navegantes,
São José,,Natal,Vicariato Urbano 2,16º Zonal,Dom: 19:30,,,,,Pertence a matriz de Paróquia de Nossa Senhora dos Navegantes,
Paróquia de Nossa Senhora de Fátima,Parque das Dunas,Natal,Vicariato Urbano 2,16º Zonal,Dom: 07:00 | Dom: 10:00 | Dom: 19:00,,"Rua da Garoupa, 01, Conj. Parque das Dunas IV, Pajuçara - 59132-310, Natal/RN",(84) 3615-2882 / 99689-0001,santuariodefatimanatal@gmail.com,Matriz,Quita e Sexta - 9h às 15h
Paróquia de São João Batista,Pitangui,Extremoz,Vicariato Urbano 2,16º Zonal,Dom: 07:00 | Dom: 19:00,"1ª Sexta-feira do mês, 19h","Rua Zeferina Lopes, s/n, Centro, Praia de Pitangui - 59575-000, Extremoz/RN",(84) 99455-3074,psjbpitangui@gmail.com,Matriz,Domingo - 17h às 18h30
Paróquia de São João Bosco,Gramoré,Natal,Vicariato Urbano 2,16º Zonal,"Ter, Qua, Qui, Sex: 06:00 | Ter, Qua, Qui, Sex: 19:00 | Dom: 08:00 | Dom: 19:00",,"Av. Guaratinguetá, 682, Conj. Gramoré, Lagoa Azul - 59135-500, Natal/RN",(84) 98861-8604,,Matriz,Terça a Sexta - 18h
Paróquia de São Miguel,Centro,Extremoz,Vicariato Urbano 2,16º Zonal,"Dom: 07:00 | Dom: 18:30 | Ter, Qua, Qui: 18:00","1ª sexta-feira do mês, 18h.","Praça Prefeito José Franco, s/n, Centro - 59575-000, Extremoz/RN",(84) 3279-2716,paroquiaextremoz@gmail.com,Matriz,
Nossa Senhora da Conceição,,Extremoz,Vicariato Urbano 2,16º Zonal,Dom: 09:30,,,,,Pertence a matriz de Paróquia de São Miguel,
Paróquia de São Tiago Menor,Santarém,Natal,Vicariato Urbano 2,16º Zonal,"Dom: 07:00 | Dom: 11:00 | Dom: 19:00 | Ter, Qua, Qui, Sex: 19:00","1ª sexta-feira do mês, 19h — Sagrado Coração. Último sábado, 9h — missa das crianças. Dia 03, 19h — missa da saúde.","Rua Itororó, 48, Conj. Santarém, Potengi - 59124-520, Natal/RN",(84) 3346-5010,saotiagonatal@gmail.com,Matriz,Quinta e Sexta - 15h30 às 17h30
São Pedro e São Paulo,,Natal,Vicariato Urbano 2,16º Zonal,"Dom, Sáb: 17:00 | Ter: 18:00",,,,,Pertence a matriz de Paróquia de São Tiago Menor,
São Sebastião,,Natal,Vicariato Urbano 2,16º Zonal,Dom: 17:00 | Qua: 18:00,,,,,Pertence a matriz de Paróquia de São Tiago Menor,
Nossa Senhora das Graças,,Natal,Vicariato Urbano 2,16º Zonal,Dom: 09:00 | Sex: 18:00,,,,,Pertence a matriz de Paróquia de São Tiago Menor,
Paróquia de Nossa Senhora da Conceição,Centro,Lajes,Vicariato Norte 1,5º Zonal,"Seg, Ter, Qua, Qui, Sex: 18:30 | Sáb: 07:30 | Dom: 07:30 | Dom: 19:30",,"Praça Mons. Vicente, 312, Centro - 59535-000, Lajes/RN",(84) 99894-3713,,Matriz,
São Francisco de Assis - Pedra Preta,,Lajes,Vicariato Norte 1,5º Zonal,Dom: 17:00 | Qui: 18:30,,,,,Pertence a matriz de Paróquia de Nossa Senhora da Conceição,
Paróquia de Nossa Senhora da Conceição,Centro,São Rafael,Vicariato Norte 1,5º Zonal,"Qua, Sex: 17:00 | Qui: 19:30 | Dom: 08:00 | Dom: 19:30","3º Sábado do mês, 9h","Av. José Pedro de Azevedo, 930, Centro - 59518-000, São Rafael/RN",(84) 98779-2383,pnscsaorafaelrn@outlook.com,Matriz,
Paróquia de Nossa Senhora das Graças,Centro,Afonso Bezerra,Vicariato Norte 1,5º Zonal,Dom: 07:30 | Dom: 19:30 | Qui: 19:00,"1ª sexta-feira do mês, 19h.","Praça Francisco das Chagas de Souza, 79, Centro - 59510-000, Afonso Bezerra/RN",(84) 98148-6372,,Matriz,
Paróquia de Sant'Ana,Centro,Santana do Matos,Vicariato Norte 1,5º Zonal,Qui: 19:00 | Dom: 19:30,"1ª Sexta-feira do mês, 19h. Todo dia 18, 19h. ","Rua Coronel Carvalho, 24, Centro - 59520-000, Santana do Matos/RN",(84) 99669-4549,,Matriz,
Santa Luzia,,Santana do Matos,Vicariato Norte 1,5º Zonal,Dom: 07:00,,,,,Pertence a matriz de Paróquia de Sant'Ana,
Frei Galvão,,Santana do Matos,Vicariato Norte 1,5º Zonal,Qua: 19:00,,,,,Pertence a matriz de Paróquia de Sant'Ana,
Paróquia de São José,Centro,Angicos,Vicariato Norte 1,5º Zonal,"Dom: 07:00 | Dom: 19:30 | Ter, Qua, Qui, Sex: 17:00 | Sáb: 10:00",,"Praça José da Penha, 151, Centro - 59515-000, Angicos/RN",(84) 99604-8303,,Matriz,
São Joaquim - Fernando Pedroza,,Angicos,Vicariato Norte 1,5º Zonal,Sáb: 17:00 | Qua: 19:30,"1ª sexta-feira do mês, 19h30.",,,,Pertence a matriz de Paróquia de São José,
Paróquia de São Paulo Apóstolo,Centro,Pedro Avelino,Vicariato Norte 1,5º Zonal,"Dom: 07:00 | Dom: 19:00 | Qua, Qui, Sex: 17:30",,"Praça Côn. Antônio Antas, 58, Centro - 59530-000, Pedro Avelino/RN",,paroquiadesaopauloapostolopa@yahoo.com.br,Matriz,
Paróquia de São Vicente Férrer,Centro,Itajá,Vicariato Norte 1,5º Zonal,Dom: 19:00,,"Av. José Juscelino Barbosa, 280, Centro - 59513-000, Itajá/RN",(84) 99991-0431,tesouraria.paroquiadeitaja@gmail.com,Matriz,
Santa Terezinha,,Itajá,Vicariato Norte 1,5º Zonal,Sáb: 17:00,,,,,Pertence a matriz de Paróquia de São Vicente Férrer,
Santa Luzia,,Itajá,Vicariato Norte 1,5º Zonal,Sáb: 19:30,,,,,Pertence a matriz de Paróquia de São Vicente Férrer,
São Francisco,,Itajá,Vicariato Norte 1,5º Zonal,Dom: 08:00,,,,,Pertence a matriz de Paróquia de São Vicente Férrer,
Paróquia de Nossa Senhora da Conceição,Centro,Guamaré,Vicariato Norte 1,6º Zonal,Sex: 17:30 | Dom: 19:30,,"Rua Luiz de Souza Miranda, 104, Centro - 59598-000, Guamaré/RN",(84) 99629-9722,,Matriz,
Santuário Nossa Senhora da Conceição,,Guamaré,Vicariato Norte 1,6º Zonal,Sáb: 17:30,,,,,Pertence a matriz de Paróquia de Nossa Senhora da Conceição,
Nossa Senhora Aparecida,,Guamaré,Vicariato Norte 1,6º Zonal,Dom: 09:30,,,,,Pertence a matriz de Paróquia de Nossa Senhora da Conceição,
São Sebastião,,Guamaré,Vicariato Norte 1,6º Zonal,Dom: 17:30,,,,,Pertence a matriz de Paróquia de Nossa Senhora da Conceição,
Divino Pai Eterno,,Guamaré,Vicariato Norte 1,6º Zonal,Sex: 19:30,1ª Sexta-feira do mês,,,,Pertence a matriz de Paróquia de Nossa Senhora da Conceição,
Paróquia de Nossa Senhora da Conceição,Centro,Macau,Vicariato Norte 1,6º Zonal,"Ter, Qua, Qui, Sex: 17:30 | Dom: 19:30 | Dom: 07:00",,"Praça da Conceição, 65, Centro - 59500-000, Macau/RN",,paroquiansdaconceicao@hotmail.com,Matriz,
Paróquia de Nossa Senhora de Lourdes,Centro,Ipanguaçu,Vicariato Norte 1,6º Zonal,Dom: 07:00 | Dom: 18:00,,"Av. Luiz Gonzaga, 804, Centro - 59508-000, Ipanguaçu/RN",(84) 99868-8111,,Matriz,
Paróquia de Nossa Senhora do Rosário,Centro,Alto do Rodrigues,Vicariato Norte 1,6º Zonal,"Ter, Qua, Qui, Sex, Sáb: 19:00 | Dom: 10:00 | Dom: 19:30",,"Av. Álvaro Rodrigues, s/n, Centro - 59507-000, Alto do Rodrigues/RN",(84) 92001-9190,,Matriz,
Paróquia de São João Batista,Centro,Pendências,Vicariato Norte 1,6º Zonal,Dom: 19:00,,"Praça São João Batista, 203, Centro - 59504-000, Pendências/RN",(84) 99710-3405,psjb_pendencias@hotmail.com,Matriz,
São Francisco,,Pendências,Vicariato Norte 1,6º Zonal,Dom: 08:00,,,,,Pertence a matriz de Paróquia de São João Batista,
Paróquia de São José Operário,Centro,Jandaíra,Vicariato Norte 1,6º Zonal,Dom: 19:30 | Qui: 19:30,,"Praça Antônio Messias, 116, Centro - 59594-000, Jandaíra/RN",,secretariaparoquialjanda@gmail.com,Matriz,
Nossa Senhora dos Navegantes,,Jandaíra,Vicariato Norte 1,6º Zonal,Qua: 19:00 | Sáb: 19:30,,,,,Pertence a matriz de Paróquia de São José Operário,
Paróquia de Nossa Senhora Mãe dos Homens,Centro,João Câmara,Vicariato Norte 2,7º Zonal,"Ter, Qua, Qui, Sex: 17:30 | Sáb: 10:00 | Dom: 07:00 | Dom: 10:00 | Dom: 19:00","Sábado, 10h — missa dos feirantes. 1ª sexta-feira do mês, 7h. 3ª quinta-feira do mês, 19h.","Praça Mons. Freitas, 188, Centro - 59550-000, João Câmara/RN",(84) 99653-2647,pnsmhomens01@gmail.com,Matriz,
São João Batista,,João Câmara,Vicariato Norte 2,7º Zonal,Dom: 19:00,1ª Sexta-feira do mês,,,,Pertence a matriz de Paróquia de Nossa Senhora Mãe dos Homens,
Paróquia de Nossa Senhora de Nazaré,Centro,Parazinho,Vicariato Norte 2,7º Zonal,Dom: 07:00 | Dom: 19:30 | Qui: 19:30,,"Praça Senador João Câmara, 1150, Centro - 59586-000, Parazinho/RN",,,Matriz,
São Francisco - Pedra Grande,,Parazinho,Vicariato Norte 2,7º Zonal,Dom: 10:00 | Qua: 19:00,,,,,Pertence a matriz de Paróquia de Nossa Senhora de Nazaré,
Paróquia de Santo Antão Abade,Centro,São Bento do Norte,Vicariato Norte 2,7º Zonal,Dom: 19:30 | Sex: 07:00,,"Av. Ursulino Silvestre, 92, Centro - 59590-000, São Bento do Norte/RN",,paroquiastabade@hotmail.com,Matriz,
São Pedro - Caiçara do norte,,São Bento do Norte,Vicariato Norte 2,7º Zonal,Qui: 07:30 | Sáb: 19:30,,,,,Pertence a matriz de Paróquia de Santo Antão Abade,
Paróquia de Nossa Senhora do Livramento,Centro,Taipu,Vicariato Norte 2,7º Zonal,"Qua, Qui, Sex: 19:30","Último domingo do mês, 19h — missa devocional a Nossa Senhora do Livramento.","Praça Dez de Março, 426, Centro - 59565-000, Taipu/RN",(84) 3264-2201,livramentotaipu@gmail.com,Matriz,
Paróquia do Sagrado Coração de Jesus,Centro,Poço Branco,Vicariato Norte 2,7º Zonal,"Ter, Qua, Qui: 19:00 | Dom: 08:00 | Dom: 19:00 | ","Terça com novena. Quinta com adoração. 1ª sexta-feira do mês, 19h.","Av. Poço Branco, 145, Centro - 59560-000, Poço Branco/RN",(84) 99904-7673,,Matriz,
Paróquia de Nossa Senhora das Dores,Nova Descoberta,Ceará-Mirim,Vicariato Norte 2,14º Zonal,"Dom: 06:30 | Dom: 19:00 | Qua, Qui, Sex, Sáb: 06:00","1ª sexta-feira do mês, 19h. Dia 15, 19h — missa do devoto da Virgem Dolorosa.","Rua Vital Correia, 492, Nova Descoberta - 59570-000, Ceará-Mirim/RN",,nsadasdorescm@gmail.com,Matriz,
Paróquia de Nossa Senhora do Rosário de Fátima,Centro,Ceará-Mirim,Vicariato Norte 2,14º Zonal,Dom: 19:00,"Dia 04, 19h — bênção de São Brás. Dia 13, 19h — votiva a Nossa Senhora do Rosário de Fátima. Dia 22, 19h — Coroa de Santa Rita de Cássia. 1ª quinta-feira, 19h — votiva a São Miguel Arcanjo.","Rua Santa Terezinha, 205, Conj. Luiz Lopes Varela - 59570-000, Ceará-Mirim/RN",,carlosaguiar021@gmail.com,Matriz,
Paróquia de Nossa Senhora da Conceição,Centro,Ceará-Mirim,Vicariato Norte 2,14º Zonal,"Ter, Qua, Qui, Sex, Sáb: 06:00 | Dom: 06:30 | Dom: 10:00 | Dom: 16:00 | Dom: 19:00",,"Praça Mons. Celso Cicco, 84, Centro - 59570-000, Ceará-Mirim/RN",(84) 3274-2042,paroquianscm@gmail.com,Matriz,
Paróquia de Nossa Senhora da Conceição,Centro,Maxaranguape,Vicariato Norte 2,14º Zonal,Dom: 07:00 | Dom: 19:00,,"Rua Eduardo Silvestre, 27 - 59580-000, Maxaranguape/RN",(84) 99892-0085,,Matriz,
Paróquia de Nossa Senhora da Pureza,Centro,Pureza,Vicariato Norte 2,14º Zonal,Dom: 07:00 | Dom: 18:00 | Qui: 19:00,,"Praça 5 de Abril, 95, Centro - 59582-000, Pureza/RN",(84) 99102-6974,,Matriz,
Paróquia de Nossa Senhora da Conceição,Centro,Santa Maria,Vicariato Norte 2,14º Zonal,"Qui, Sex, Sáb, Dom: 19:00 ",,"Rua da Matriz, s/n, Centro - 59464-000, Santa Maria/RN",,,Matriz,
Ielmo Marinho,,Santa Maria,Vicariato Norte 2,14º Zonal,Dom: 08:00 | Qua: 19:00,,,,,Pertence a matriz de Paróquia de Nossa Senhora da Conceição,
Paróquia do Bom Jesus dos Navegantes,Centro,Touros,Vicariato Norte 2,17º Zonal,"Ter, Qua, Qui, Sex: 07:00 | Dom: 10:00 | Dom: 19:30",,"Av. Prefeito José Américo, 29, Centro - 59584-000, Touros/RN",(84) 99457-9430,bomjesusdosnavegantes@gmail.com,Matriz,
São Pedro,,Touros,Vicariato Norte 2,17º Zonal,Dom: 07:00,,,,,Pertence a matriz de Paróquia do Bom Jesus dos Navegantes,
Nossa Senhora de Fátima,,Touros,Vicariato Norte 2,17º Zonal,Dom: 08:00,,,,,Pertence a matriz de Paróquia do Bom Jesus dos Navegantes,
Nossa Senhora da Conceição,,Touros,Vicariato Norte 2,17º Zonal,Dom: 16:00,,,,,Pertence a matriz de Paróquia do Bom Jesus dos Navegantes,
Santa Luzia,,Touros,Vicariato Norte 2,17º Zonal,Dom: 17:30,,,,,Pertence a matriz de Paróquia do Bom Jesus dos Navegantes,
Paróquia da Virgem e Mártir Santa Luzia,Centro,Touros,Vicariato Norte 2,17º Zonal,Qui: 19:00 | Dom: 19:00,"Dias 13 e 18, 19h.","Av. Ver. João Teodoro de Souza Filho, 38, Centro, Comunidade de Santa Luzia - Touros/RN",,igrejadesantaluzia13@gmail.com,Matriz,
Paróquia de Nossa Senhora dos Navegantes,Centro,Rio do Fogo,Vicariato Norte 2,17º Zonal,Dom: 08:00 | Dom: 18:00,,"Rua Vereador José Andrade, s/n, Centro - 59780-000, Rio do Fogo/RN",(84) 99633-3035,apnsnavegantes@gmail.com,Matriz,
Paróquia de São Miguel Arcanjo,Centro,São Miguel do Gostoso,Vicariato Norte 2,17º Zonal,Dom: 08:00 | Dom: 19:00 | Qui: 19:00,"1ª sexta-feira do mês, 18h.",,,,Matriz,
Paróquia de Nossa Senhora da Conceição,Centro,Canguaretama,Vicariato Sul 1,13º Zonal,"Ter, Qua, Qui: 19:00 | Dom: 07:00 | Dom: 19:00",,"Praça Augusto Severo, 198, Centro - 59190-000, Canguaretama/RN",(84) 99219-7918,pnsccangaretama@gmail.com,Matriz,
São José,,Canguaretama,Vicariato Sul 1,13º Zonal,Qua: 17:30,,,,,Pertence a matriz de Paróquia de Nossa Senhora da Conceição,
Nossa Senhora das Candeias,,Canguaretama,Vicariato Sul 1,13º Zonal,Dom: 08:00,,,,,Pertence a matriz de Paróquia de Nossa Senhora da Conceição,
Chama de Amor,,Canguaretama,Vicariato Sul 1,13º Zonal,Dom: 10:00,,,,,Pertence a matriz de Paróquia de Nossa Senhora da Conceição,
Piriqui,,Canguaretama,Vicariato Sul 1,13º Zonal,Dom: 17:00,,,,,Pertence a matriz de Paróquia de Nossa Senhora da Conceição,
Barra de Cunhaú,,Canguaretama,Vicariato Sul 1,13º Zonal,Sáb: 19:00,,,,,Pertence a matriz de Paróquia de Nossa Senhora da Conceição,
Nossa Senhora do Desterro,,Canguaretama,Vicariato Sul 1,13º Zonal,Dom: 17:00,,,,,Pertence a matriz de Paróquia de Nossa Senhora da Conceição,
Paróquia de Nossa Senhora da Piedade,Centro,Espírito Santo,Vicariato Sul 1,13º Zonal,Dom: 07:30 | Dom: 19:00 ,"1ª Sexta-feira do mês, 8h","Rua da Matriz, 49, Centro - 59180-000, Espírito Santo/RN",,vozdapiedade2020@gmail.com,Matriz,
Paróquia de Nossa Senhora dos Prazeres,Centro,Goianinha,Vicariato Sul 1,13º Zonal,Dom: 08:00 | Dom: 19:00,"Toda 1ª sexta-feira do mês, 8h.","Rua Vigário Antônio Montenegro, 20, Centro - 59173-000, Goianinha/RN",(84) 99223-9573,pnspgoianinha@gmail.com,Matriz,
Paróquia de Santo Antônio de Lisboa,Centro,Tibau do Sul,Vicariato Sul 1,13º Zonal,Qua: 19:30 | Dom: 19:30,"Quarta-feira, 19h30 — missa do pão de Santo Antônio.","Rua Dr. Hélio Galvão, 100, Centro - 59178-000, Tibau do Sul/RN",(84) 3246-4040 / 99827-1666,paroquiadetibaudosul@gmail.com,Matriz,
São Sebastião,,Tibau do Sul,Vicariato Sul 1,13º Zonal,Dom: 17:30 | Qui: 19:30,,,,,Pertence a matriz de Paróquia de Santo Antônio de Lisboa,
São Francisco de Assis (Cabeceiras),,Tibau do Sul,Vicariato Sul 1,13º Zonal,Sáb: 17:00,,,,,Pertence a matriz de Paróquia de Santo Antônio de Lisboa,
Nossa Senhora das Dores,,Tibau do Sul,Vicariato Sul 1,13º Zonal,Sáb: 18:00,,,,,Pertence a matriz de Paróquia de Santo Antônio de Lisboa,
Nossa Senhora Aparecida,,Tibau do Sul,Vicariato Sul 1,13º Zonal,Sáb: 19:30,,,,,Pertence a matriz de Paróquia de Santo Antônio de Lisboa,
São Francisco de Assis (Sibaúma),,Tibau do Sul,Vicariato Sul 1,13º Zonal,Dom: 08:30,,,,,Pertence a matriz de Paróquia de Santo Antônio de Lisboa,
Paróquia de São Francisco de Assis,Centro,Pedro Velho,Vicariato Sul 1,13º Zonal,"Ter, Qui: 18:30 | Sáb: 07:00 | Dom: 07:30 | Dom: 19:00","1ª Sexta-feira do mês, 19h","Praça São Francisco, 04, Centro - 59196-000, Pedro Velho/RN",(84) 98118-9110,,Matriz,
Paróquia de São Pedro Pescador,Centro,Baía Formosa,Vicariato Sul 1,13º Zonal,"Dom: 08:00 | Dom: 19:00 | Seg, Qua, Sex: 19:00",,"Rua João Cavalcante Filho, s/n, Centro - 59194-000, Baía Formosa/RN",(84) 3244-2202,paroquiasaopedropescadorbf@gmail.com,Matriz,
Nossa Senhora da Conceição,,Baía Formosa,Vicariato Sul 1,13º Zonal,Sáb: 07:00,,,,,Pertence a matriz de Paróquia de São Pedro Pescador,
Paróquia de São João Batista,Centro,Arez,Vicariato Sul 1,18º Zonal,Dom: 07:30 | Dom: 19:00,,"Praça Getúlio Vargas, 04, Centro - 59170-000, Arez/RN",,,Matriz,
Paróquia de Sant'Ana e São Joaquim,Centro,São José de Mipibu,Vicariato Sul 1,18º Zonal,"Ter, Qua, Sex, Sáb: 07:00 | Qui: 19:00 | Dom: 07:00 | Dom: 10:00 | Dom: 19:00",,"Rua Côn. Lustosa, s/n, Centro - 59162-000, São José de Mipibu/RN",(84) 2060-0210 / 99184-1258,,Matriz,
Paróquia do Divino Espírito Santo,Centro,Vera Cruz,Vicariato Sul 1,18º Zonal,"Ter, Qua, Qui, Sex: 06:00 | Dom: 07:00 | Dom: 19:00",,"Praça do Divino Espírito Santo, 95, Centro - 59184-000, Vera Cruz/RN",,,Matriz,
Paróquia de Nossa Senhora do Ó,Centro,Nísia Floresta,Vicariato Sul 1,18º Zonal,Qui: 19:00 | Dom: 07:00 | Dom: 19:00,"1ª Sexta-feira do mês, 17h","Praça Cel. José Araújo, 81, Centro - 59164-000, Nísia Floresta/RN",(84) 98751-1693,,Matriz,
Paróquia de Nossa Senhora da Penha,Centro,Monte Alegre,Vicariato Sul 1,18º Zonal,Dom: 08:00 | Dom: 19:00 | Qui: 19:00,,"Rua Juvenal Lamartine, s/n, Centro - 59182-000, Monte Alegre/RN",,nossasenhoradapenharn@gmail.com,Matriz,
Paróquia de Nossa Senhora das Dores,Centro,Brejinho,Vicariato Sul 1,18º Zonal,Dom: 08:00 | Dom: 19:30 ,"1ª sexta-feira do mês, 19h. Dia 15, 19h — missa do devoto da Virgem Dolorosa.","Av. Antônio Alves Pessoa, 316, Centro - 59219-000, Brejinho/RN",(84) 3283-2385 / 99458-2002,pnsd.brejinho@gmail.com,Matriz,
São José,,Brejinho,Vicariato Sul 1,18º Zonal,Dom: 17:00,,,,,Pertence a matriz de Paróquia de Nossa Senhora das Dores,
Santana,,Brejinho,Vicariato Sul 1,18º Zonal,Sáb: 19:30,,,,,Pertence a matriz de Paróquia de Nossa Senhora das Dores,
Área Pastoral do Sagrado Coração de Jesus,Laranjeiras do Abdias,São José de Mipibu,Vicariato Sul 1,18º Zonal,Dom: 19:00,"1ª sexta-feira do mês, 19h","Rua São José, 65, Laranjeiras do Abdias - São José de Mipibu/RN",(84) 99466-1892,areapastoralscj@gmail.com,Matriz,
Área Pastoral Nossa Senhora Aparecida,Bosque das Colinas,São José de Mipibu,Vicariato Sul 1,18º Zonal,Qui: 19:30 | Sáb: 07:00 | Dom: 19:00,,"Rua Gregório de Matos, s/n. Bosque das colinas, São José do Mipibu /RN",(84) 98733-9162,pqnsaparecidabc@gmail.com,Matriz,
Paróquia de Nossa Senhora de Lourdes,Centro,Campo Redondo,Vicariato Sul 2,9º Zonal,"Ter, Dom: 19:00",,"Rua Nossa Senhora de Lourdes, 49, Centro - 59230-000, Campo Redondo/RN",(84) 98855-3407,,Matriz,
São Francisco de Assis,,Campo Redondo,Vicariato Sul 2,9º Zonal,"Qui, Sáb: 19:00",,,,,Pertence a matriz de Paróquia de Nossa Senhora de Lourdes,
Paróquia de Nossa Senhora do Amparo,Centro,Coronel Ezequiel,Vicariato Sul 2,9º Zonal,Dom: 08:00 | Dom: 19:00,"1ª sexta-feira do mês, 19h. Todo dia 29, 19h.","Praça José Pedro de Farias, 172, Centro - 59200-000, Coronel Ezequiel/RN",,paroquiadenossasenhoradoamparo@gmail.com,Matriz,
Nossa Senhora de Fátima - Jaçanã,,Coronel Ezequiel,Vicariato Sul 2,9º Zonal,Dom: 17:00,"1ª Sexta-feira do mês, 17h",,,,Pertence a matriz de Paróquia de Nossa Senhora do Amparo,
São José- Jaçanã,,Coronel Ezequiel,Vicariato Sul 2,9º Zonal,Sáb: 19:00,,,,,Pertence a matriz de Paróquia de Nossa Senhora do Amparo,
Paróquia de Santa Rita de Cássia,Centro,Santa Cruz,Vicariato Sul 2,9º Zonal,"Ter, Qua, Qui, Sex: 18:00 | Sáb: 10:00 | Dom: 07:00 | Dom: 19:00",,"Praça Presidente Vargas, 80, Centro - 59200-000, Santa Cruz/RN",(84) 98810-2112,,Matriz,
Santuário de Santa Rita,,Santa Cruz,Vicariato Sul 2,9º Zonal,Dom: 10:00 | Sáb: 11:00 | Qua: 16:00,,,,,Pertence a matriz de Paróquia de Santa Rita de Cássia,
Paróquia de Santa Teresinha,Centro,Tangará,Vicariato Sul 2,9º Zonal,Dom: 07:00 | Dom: 19:00 | Qua: 19:00,"Último domingo do mês, 9h30 — Missa das crianças.","Praça Major Lula Gomes, 54, Centro - 59240-000, Tangará/RN",(84) 99802-0053,psteresinhatangara@hotmail.com,Matriz,
"São Sebastião, Mártir",,Tangará,Vicariato Sul 2,9º Zonal,Dom: 16:30,,,,,Pertence a matriz de Paróquia de Santa Teresinha,
Área Pastoral de São Sebastião,Centro,Sítio Novo,Vicariato Sul 2,9º Zonal,Dom: 19:00,,"Rua Sebastião Ferreira de Lima, 100, Centro - 59440-000, Sítio Novo/RN",,,Matriz,
Paróquia de São Sebastião,Centro,Japi,Vicariato Sul 2,9º Zonal,"Dom: 08:00 | Dom: 16:30 | Dom: 19:30 | Ter, Qua, Qui, Sex: 19:00",,"Rua Manoel Medeiros, s/n, Centro - 59213-000, Japi/RN",,,Matriz,
Capela São Sebastião,,Japi,Vicariato Sul 2,9º Zonal,Sáb: 19:00,,,,,Pertence a matriz de Paróquia de São Sebastião,
Paróquia de Nossa Senhora da Conceição,Centro,São Tomé,Vicariato Sul 2,10º Zonal,Qui: 18:00 | Sáb: 08:30 | Dom: 19:00 | Dom: 07:00,,"Rua Ladislau Galvão, 99, Centro - 59400-000, São Tomé/RN",,paroquiasaotome@hotmail.com,Matriz,
Paróquia de Nossa Senhora da Conceição,Centro,Serra Caiada,Vicariato Sul 2,10º Zonal,Qui: 19:00 | Dom: 19:00 | Dom: 19:30,,"Rua Nossa Senhora da Conceição, 58, Centro - 59245-000, Serra Caiada/RN",(84) 98648-0403,,Matriz,
Nossa Senhora de Lourdes e São José,,Serra Caiada,Vicariato Sul 2,10º Zonal,Dom: 17:00 | Qua: 19:00,,,,,Pertence a matriz de Paróquia de Nossa Senhora da Conceição,
Paróquia de Nossa Senhora do Perpétuo Socorro,Centro,Barcelona,Vicariato Sul 2,10º Zonal, Dom: 07:00 | Dom: 19:00,,"Rua Vereador Romário Jatércio Neves, 11, Centro - 59410-000, Barcelona/RN",(84) 98151-3249,pppsocorro@gmail.com,Matriz,
São João batista,,Barcelona,Vicariato Sul 2,10º Zonal,Dom: 17:00,,,,,Pertence a matriz de Paróquia de Nossa Senhora do Perpétuo Socorro,
Paróquia de São Paulo Apóstolo,Centro,São Paulo do Potengi,Vicariato Sul 2,10º Zonal,Dom: 08:00 | Dom: 19:30 | Sáb: 19:00,,"Rua Dom Marcolino, 318, Centro - 59460-000, São Paulo do Potengi/RN",(84) 99159-4468,,Matriz,
Nossa Senhora da Conceição,,São Paulo do Potengi,Vicariato Sul 2,10º Zonal,Dom: 19:30,,,,,Pertence a matriz de Paróquia de São Paulo Apóstolo,
Paróquia de São Pedro Apóstolo,Centro,São Pedro,Vicariato Sul 2,10º Zonal,"Qui, Sex, Dom: 19:00 | Dom: 07:00",,"Av. Francisco Cabral, 163, Centro - 59480-000, São Pedro/RN",(84) 98830-8485,paroquiasaopedroapostolosprn@yahoo.com.br,Matriz,
Paróquia do Sagrado Coração de Jesus,Centro,Bom Jesus,Vicariato Sul 2,10º Zonal,Dom: 07:00 | Dom: 18:30,,"Rua Pedro Belarmino, 18, Centro - 59270-000, Bom Jesus/RN",(84) 98715-6527,,Matriz,
Santa Rita,,Bom Jesus,Vicariato Sul 2,10º Zonal,Sáb: 19:00,,,,,Pertence a matriz da Paróquia do Sagrado Coração de Jesus - Bom Jesus,
Paróquia do Sagrado Coração de Jesus,Centro,Riachuelo,Vicariato Sul 2,10º Zonal,"Qua, Qui, Sex, Dom: 19:00",,"Praça Manoel Severiano, 129, Centro - 59470-000, Riachuelo/RN",(84) 99844-3940,,Matriz,
Mirante de São Francisco de Assis,,Riachuelo,Vicariato Sul 2,10º Zonal,Dom: 10:00,,,,,Pertence a matriz da Paróquia do Sagrado Coração de Jesus - Riachuelo,
Paróquia da Imaculada Conceição,Centro,Nova Cruz,Vicariato Sul 3,8º Zonal,"Dom: 19:00 | Ter, Qua, Sex, Dom: 08:00","1ª sexta-feira, 17h30 — votiva ao Sagrado Coração. 4º sábado, 9h — missa das crianças.","Rua Diógenes da Cunha Lima, 11, Centro - 59215-000, Nova Cruz/RN",(84) 99401-6391,,Matriz,
São Sebastião,,Nova Cruz,Vicariato Sul 3,8º Zonal,"Seg, Qui, Sex: 08:00 | Sáb: 16:00",1ª Sexta-feira e 1º Sábado do mês,,,,Pertence a matriz de Paróquia da Imaculada Conceição,
Nossa Senhora da Piedade,,Nova Cruz,Vicariato Sul 3,8º Zonal,Sáb: 18:00,1º e 3º Sábado,,,,Pertence a matriz de Paróquia da Imaculada Conceição,
Mãe Rainha,,Nova Cruz,Vicariato Sul 3,8º Zonal,Sáb: 19:30,1º e 3º Sábado,,,,Pertence a matriz de Paróquia da Imaculada Conceição,
Santa Maria Goretti,,Nova Cruz,Vicariato Sul 3,8º Zonal,Sáb: 19:30,2º e 4º Sábado,,,,Pertence a matriz de Paróquia da Imaculada Conceição,
Santa Luzia,,Nova Cruz,Vicariato Sul 3,8º Zonal,Sáb: 18:00,4º Sábado do mês,,,,Pertence a matriz de Paróquia da Imaculada Conceição,
Sagrada Família,,Nova Cruz,Vicariato Sul 3,8º Zonal,Sáb: 18:00,2º Sábado do mês,,,,Pertence a matriz de Paróquia da Imaculada Conceição,
Paróquia de Nossa Senhora de Fátima,Centro,Passa e Fica,Vicariato Sul 3,8º Zonal,"Ter, Qua, Qui, Sex: 19:00 | Dom: 08:00 | Dom: 19:30","Dia 13, 12h — missa votiva a Nossa Senhora de Fátima.","Rua Antônio Soares, 549, Centro - 59218-000, Passa e Fica/RN",(84) 98718-2965,,Matriz,
Paróquia de Santa Teresinha,Centro,Lagoa D'Anta,Vicariato Sul 3,8º Zonal,"Qua, Qui, Sex, Dom: 19:00 | Dom: 10:00 ",,"Rua da Matriz, 07, Centro - 59227-000, Lagoa D'Anta/RN",,paroquiastld@outlook.com,Matriz,
Paróquia de São Bento Abade,Centro,Serra de São Bento,Vicariato Sul 3,8º Zonal,"Ter, Qua, Qui, Sex: 19:00 | Dom: 08:00 | Dom: 19:30",,"Praça Salviano Gomes Crisanto, s/n, Centro - 59214-000, Serra de São Bento/RN",(84) 3289-0112,,Matriz,
São Sebastião,,Serra de São Bento,Vicariato Sul 3,8º Zonal,"Dom, Qua, Sex: 17:00",,,,,Pertence a matriz de Paróquia de São Bento Abade,
Paróquia de São João Batista,Centro,Montanhas,Vicariato Sul 3,8º Zonal,"Dom, Qua, Qui, Sex: 19:00 | Dom: 08:00 ",,"Rua Esportiva, 16, Centro - 59198-000, Montanhas/RN",(84) 93300-3218,paroquiasjb@gmail.com,Matriz,
Paróquia de São José,Centro,São José de Campestre,Vicariato Sul 3,8º Zonal,Sex: 09:00 | Sáb: 06:30 | Dom: 07:00 | Dom: 19:00,"1ª Sexta-feira do mês, 17h. Dia 19 missa votivas, 19h.","Praça São José, 33, Centro - 59275-000, São José de Campestre/RN",(84) 99947-0936,paroquiasaojosecampestre@hotmail.com,Matriz,
Paróquia de Nossa Senhora da Conceição,Centro,Santo Antônio,Vicariato Sul 3,19º Zonal,Qui: 19:00 | Dom: 19:00 | Dom: 17:00 | Dom: 07:00,,"Av. Lindolfo Gomes Vidal, 100, Centro - 59255-000, Santo Antônio/RN",,sapnsconceicao@gmail.com,Matriz,
Paróquia de São Pedro Apóstolo,Centro,Várzea,Vicariato Sul 3,19º Zonal,"Qua, Sex: 19:00 | Dom: 19:30",,"Rua Dep. José Lúcio Ribeiro, 01, Centro - 59185-000, Várzea/RN",(84) 98702-5903,,Matriz,
Paróquia de Santo Antônio,Centro,Serrinha,Vicariato Sul 3,19º Zonal,Qua: 19:00 | Dom: 07:00 | Dom: 19:00,"Dia 29, 19h30 — votiva a São Miguel Arcanjo.","Rua Manoel Joaquim de Souza, 30, Centro - Serrinha/RN",(84) 98611-9695,,Matriz,
Paróquia de São Francisco de Assis,Centro,Lagoa de Pedras,Vicariato Sul 3,19º Zonal,Qui: 19:30 | Dom: 07:30 | Dom: 19:30,,"Rua Coronel Francisco Tomás, s/n, Centro - 59244-000, Lagoa de Pedras/RN",(84) 3692-0120,,Matriz,
Paróquia da Imaculada Conceição,Centro,Lagoa Salgada,Vicariato Sul 3,19º Zonal,Dom: 07:00 | Dom: 19:00,,"Praça João Tomaz, s/n, Centro - 59247-000, Lagoa Salgada/RN",(84) 98866-1546,,Matriz,
Paróquia Nossa Senhora da Saúde,Centro,Boa Saúde,Vicariato Sul 3,19º Zonal,Dom: 08:00 | Dom: 19:00 | Qua: 19:00,,"Rua Dr. Mário Câmara, 18, Centro - 59260-000, Boa Saúde/RN",,matrizdenossasenhoradasaude@hotmail.com,Matriz,